,product_code,product_description,product_group,sales_date,price,sales_quantity,unit,sales_amount
0,1001,tomato,vegetable,2021-11-01,2.99,36,kg,"<bound method Series.where of 0      36
1      23
2      34
3      23
4      34
       ..
295    31
296    29
297    37
298    34
299    36
Name: sales_quantity, Length: 300, dtype: int64>"
1,1001,tomato,vegetable,2021-11-02,2.99,23,kg,"<bound method Series.where of 0      36
1      23
2      34
3      23
4      34
       ..
295    31
296    29
297    37
298    34
299    36
Name: sales_quantity, Length: 300, dtype: int64>"
2,1001,tomato,vegetable,2021-11-03,2.99,34,kg,"<bound method Series.where of 0      36
1      23
2      34
3      23
4      34
       ..
295    31
296    29
297    37
298    34
299    36
Name: sales_quantity, Length: 300, dtype: int64>"
3,1001,tomato,vegetable,2021-11-04,2.99,23,kg,"<bound method Series.where of 0      36
1      23
2      34
3      23
4      34
       ..
295    31
296    29
297    37
298    34
299    36
Name: sales_quantity, Length: 300, dtype: int64>"
4,1001,tomato,vegetable,2021-11-05,2.99,34,kg,"<bound method Series.where of 0      36
1      23
2      34
3      23
4      34
       ..
295    31
296    29
297    37
298    34
299    36
Name: sales_quantity, Length: 300, dtype: int64>"
5,1001,tomato,vegetable,2021-11-06,2.99,20,kg,"<bound method Series.where of 0      36
1      23
2      34
3      23
4      34
       ..
295    31
296    29
297    37
298    34
299    36
Name: sales_quantity, Length: 300, dtype: int64>"
6,1001,tomato,vegetable,2021-11-07,2.99,21,kg,"<bound method Series.where of 0      36
1      23
2      34
3      23
4      34
       ..
295    31
296    29
297    37
298    34
299    36
Name: sales_quantity, Length: 300, dtype: int64>"
7,1001,tomato,vegetable,2021-11-08,2.99,20,kg,"<bound method Series.where of 0      36
1      23
2      34
3      23
4      34
       ..
295    31
296    29
297    37
298    34
299    36
Name: sales_quantity, Length: 300, dtype: int64>"
8,1001,tomato,vegetable,2021-11-09,2.99,31,kg,"<bound method Series.where of 0      36
1      23
2      34
3      23
4      34
       ..
295    31
296    29
297    37
298    34
299    36
Name: sales_quantity, Length: 300, dtype: int64>"
9,1001,tomato,vegetable,2021-11-10,2.99,34,kg,"<bound method Series.where of 0      36
1      23
2      34
3      23
4      34
       ..
295    31
296    29
297    37
298    34
299    36
Name: sales_quantity, Length: 300, dtype: int64>"
10,1001,tomato,vegetable,2021-11-11,4.4,20,kg,"<bound method Series.where of 0      36
1      23
2      34
3      23
4      34
       ..
295    31
296    29
297    37
298    34
299    36
Name: sales_quantity, Length: 300, dtype: int64>"
11,1001,tomato,vegetable,2021-11-12,2.99,22,kg,"<bound method Series.where of 0      36
1      23
2      34
3      23
4      34
       ..
295    31
296    29
297    37
298    34
299    36
Name: sales_quantity, Length: 300, dtype: int64>"
12,1001,tomato,vegetable,2021-11-13,2.99,26,kg,"<bound method Series.where of 0      36
1      23
2      34
3      23
4      34
       ..
295    31
296    29
297    37
298    34
299    36
Name: sales_quantity, Length: 300, dtype: int64>"
13,1001,tomato,vegetable,2021-11-14,2.99,38,kg,"<bound method Series.where of 0      36
1      23
2      34
3      23
4      34
       ..
295    31
296    29
297    37
298    34
299    36
Name: sales_quantity, Length: 300, dtype: int64>"
14,1001,tomato,vegetable,2021-11-15,3.49,38,kg,"<bound method Series.where of 0      36
1      23
2      34
3      23
4      34
       ..
295    31
296    29
297    37
298    34
299    36
Name: sales_quantity, Length: 300, dtype: int64>"
15,1001,tomato,vegetable,2021-11-16,3.49,28,kg,"<bound method Series.where of 0      36
1      23
2      34
3      23
4      34
       ..
295    31
296    29
297    37
298    34
299    36
Name: sales_quantity, Length: 300, dtype: int64>"
16,1001,tomato,vegetable,2021-11-17,3.49,29,kg,"<bound method Series.where of 0      36
1      23
2      34
3      23
4      34
       ..
295    31
296    29
297    37
298    34
299    36
Name: sales_quantity, Length: 300, dtype: int64>"
17,1001,tomato,vegetable,2021-11-18,3.49,36,kg,"<bound method Series.where of 0      36
1      23
2      34
3      23
4      34
       ..
295    31
296    29
297    37
298    34
299    36
Name: sales_quantity, Length: 300, dtype: int64>"
18,1001,tomato,vegetable,2021-11-19,3.49,37,kg,"<bound method Series.where of 0      36
1      23
2      34
3      23
4      34
       ..
295    31
296    29
297    37
298    34
299    36
Name: sales_quantity, Length: 300, dtype: int64>"
19,1001,tomato,vegetable,2021-11-20,3.49,27,kg,"<bound method Series.where of 0      36
1      23
2      34
3      23
4      34
       ..
295    31
296    29
297    37
298    34
299    36
Name: sales_quantity, Length: 300, dtype: int64>"
20,1001,tomato,vegetable,2021-11-21,3.49,22,kg,"<bound method Series.where of 0      36
1      23
2      34
3      23
4      34
       ..
295    31
296    29
297    37
298    34
299    36
Name: sales_quantity, Length: 300, dtype: int64>"
21,1001,tomato,vegetable,2021-11-22,3.49,22,kg,"<bound method Series.where of 0      36
1      23
2      34
3      23
4      34
       ..
295    31
296    29
297    37
298    34
299    36
Name: sales_quantity, Length: 300, dtype: int64>"
22,1001,tomato,vegetable,2021-11-23,3.49,30,kg,"<bound method Series.where of 0      36
1      23
2      34
3      23
4      34
       ..
295    31
296    29
297    37
298    34
299    36
Name: sales_quantity, Length: 300, dtype: int64>"
23,1001,tomato,vegetable,2021-11-24,2.89,39,kg,"<bound method Series.where of 0      36
1      23
2      34
3      23
4      34
       ..
295    31
296    29
297    37
298    34
299    36
Name: sales_quantity, Length: 300, dtype: int64>"
24,1001,tomato,vegetable,2021-11-25,2.89,25,kg,"<bound method Series.where of 0      36
1      23
2      34
3      23
4      34
       ..
295    31
296    29
297    37
298    34
299    36
Name: sales_quantity, Length: 300, dtype: int64>"
25,1001,tomato,vegetable,2021-11-26,2.89,21,kg,"<bound method Series.where of 0      36
1      23
2      34
3      23
4      34
       ..
295    31
296    29
297    37
298    34
299    36
Name: sales_quantity, Length: 300, dtype: int64>"
26,1001,tomato,vegetable,2021-11-27,2.89,38,kg,"<bound method Series.where of 0      36
1      23
2      34
3      23
4      34
       ..
295    31
296    29
297    37
298    34
299    36
Name: sales_quantity, Length: 300, dtype: int64>"
27,1001,tomato,vegetable,2021-11-28,2.89,26,kg,"<bound method Series.where of 0      36
1      23
2      34
3      23
4      34
       ..
295    31
296    29
297    37
298    34
299    36
Name: sales_quantity, Length: 300, dtype: int64>"
28,1001,tomato,vegetable,2021-11-29,2.89,24,kg,"<bound method Series.where of 0      36
1      23
2      34
3      23
4      34
       ..
295    31
296    29
297    37
298    34
299    36
Name: sales_quantity, Length: 300, dtype: int64>"
29,1001,tomato,vegetable,2021-11-30,2.89,21,kg,"<bound method Series.where of 0      36
1      23
2      34
3      23
4      34
       ..
295    31
296    29
297    37
298    34
299    36
Name: sales_quantity, Length: 300, dtype: int64>"
30,1002,cucumber,vegetable,2021-11-01,4.29,22,kg,"<bound method Series.where of 0      36
1      23
2      34
3      23
4      34
       ..
295    31
296    29
297    37
298    34
299    36
Name: sales_quantity, Length: 300, dtype: int64>"
31,1002,cucumber,vegetable,2021-11-02,4.29,20,kg,"<bound method Series.where of 0      36
1      23
2      34
3      23
4      34
       ..
295    31
296    29
297    37
298    34
299    36
Name: sales_quantity, Length: 300, dtype: int64>"
32,1002,cucumber,vegetable,2021-11-03,4.29,37,kg,"<bound method Series.where of 0      36
1      23
2      34
3      23
4      34
       ..
295    31
296    29
297    37
298    34
299    36
Name: sales_quantity, Length: 300, dtype: int64>"
33,1002,cucumber,vegetable,2021-11-04,4.29,30,kg,"<bound method Series.where of 0      36
1      23
2      34
3      23
4      34
       ..
295    31
296    29
297    37
298    34
299    36
Name: sales_quantity, Length: 300, dtype: int64>"
34,1002,cucumber,vegetable,2021-11-05,4.4,24,kg,"<bound method Series.where of 0      36
1      23
2      34
3      23
4      34
       ..
295    31
296    29
297    37
298    34
299    36
Name: sales_quantity, Length: 300, dtype: int64>"
35,1002,cucumber,vegetable,2021-11-06,4.29,36,kg,"<bound method Series.where of 0      36
1      23
2      34
3      23
4      34
       ..
295    31
296    29
297    37
298    34
299    36
Name: sales_quantity, Length: 300, dtype: int64>"
36,1002,cucumber,vegetable,2021-11-07,4.29,20,kg,"<bound method Series.where of 0      36
1      23
2      34
3      23
4      34
       ..
295    31
296    29
297    37
298    34
299    36
Name: sales_quantity, Length: 300, dtype: int64>"
37,1002,cucumber,vegetable,2021-11-08,4.4,38,kg,"<bound method Series.where of 0      36
1      23
2      34
3      23
4      34
       ..
295    31
296    29
297    37
298    34
299    36
Name: sales_quantity, Length: 300, dtype: int64>"
38,1002,cucumber,vegetable,2021-11-09,4.49,25,kg,"<bound method Series.where of 0      36
1      23
2      34
3      23
4      34
       ..
295    31
296    29
297    37
298    34
299    36
Name: sales_quantity, Length: 300, dtype: int64>"
39,1002,cucumber,vegetable,2021-11-10,4.49,33,kg,"<bound method Series.where of 0      36
1      23
2      34
3      23
4      34
       ..
295    31
296    29
297    37
298    34
299    36
Name: sales_quantity, Length: 300, dtype: int64>"
40,1002,cucumber,vegetable,2021-11-11,4.49,24,kg,"<bound method Series.where of 0      36
1      23
2      34
3      23
4      34
       ..
295    31
296    29
297    37
298    34
299    36
Name: sales_quantity, Length: 300, dtype: int64>"
41,1002,cucumber,vegetable,2021-11-12,4.49,29,kg,"<bound method Series.where of 0      36
1      23
2      34
3      23
4      34
       ..
295    31
296    29
297    37
298    34
299    36
Name: sales_quantity, Length: 300, dtype: int64>"
42,1002,cucumber,vegetable,2021-11-13,4.49,25,kg,"<bound method Series.where of 0      36
1      23
2      34
3      23
4      34
       ..
295    31
296    29
297    37
298    34
299    36
Name: sales_quantity, Length: 300, dtype: int64>"
43,1002,cucumber,vegetable,2021-11-14,4.49,38,kg,"<bound method Series.where of 0      36
1      23
2      34
3      23
4      34
       ..
295    31
296    29
297    37
298    34
299    36
Name: sales_quantity, Length: 300, dtype: int64>"
44,1002,cucumber,vegetable,2021-11-15,4.49,28,kg,"<bound method Series.where of 0      36
1      23
2      34
3      23
4      34
       ..
295    31
296    29
297    37
298    34
299    36
Name: sales_quantity, Length: 300, dtype: int64>"
45,1002,cucumber,vegetable,2021-11-16,4.49,27,kg,"<bound method Series.where of 0      36
1      23
2      34
3      23
4      34
       ..
295    31
296    29
297    37
298    34
299    36
Name: sales_quantity, Length: 300, dtype: int64>"
46,1002,cucumber,vegetable,2021-11-17,4.49,34,kg,"<bound method Series.where of 0      36
1      23
2      34
3      23
4      34
       ..
295    31
296    29
297    37
298    34
299    36
Name: sales_quantity, Length: 300, dtype: int64>"
47,1002,cucumber,vegetable,2021-11-18,4.49,21,kg,"<bound method Series.where of 0      36
1      23
2      34
3      23
4      34
       ..
295    31
296    29
297    37
298    34
299    36
Name: sales_quantity, Length: 300, dtype: int64>"
48,1002,cucumber,vegetable,2021-11-19,4.69,32,kg,"<bound method Series.where of 0      36
1      23
2      34
3      23
4      34
       ..
295    31
296    29
297    37
298    34
299    36
Name: sales_quantity, Length: 300, dtype: int64>"
49,1002,cucumber,vegetable,2021-11-20,4.69,28,kg,"<bound method Series.where of 0      36
1      23
2      34
3      23
4      34
       ..
295    31
296    29
297    37
298    34
299    36
Name: sales_quantity, Length: 300, dtype: int64>"
50,1002,cucumber,vegetable,2021-11-21,4.69,31,kg,"<bound method Series.where of 0      36
1      23
2      34
3      23
4      34
       ..
295    31
296    29
297    37
298    34
299    36
Name: sales_quantity, Length: 300, dtype: int64>"
51,1002,cucumber,vegetable,2021-11-22,4.69,24,kg,"<bound method Series.where of 0      36
1      23
2      34
3      23
4      34
       ..
295    31
296    29
297    37
298    34
299    36
Name: sales_quantity, Length: 300, dtype: int64>"
52,1002,cucumber,vegetable,2021-11-23,4.69,32,kg,"<bound method Series.where of 0      36
1      23
2      34
3      23
4      34
       ..
295    31
296    29
297    37
298    34
299    36
Name: sales_quantity, Length: 300, dtype: int64>"
53,1002,cucumber,vegetable,2021-11-24,4.69,37,kg,"<bound method Series.where of 0      36
1      23
2      34
3      23
4      34
       ..
295    31
296    29
297    37
298    34
299    36
Name: sales_quantity, Length: 300, dtype: int64>"
54,1002,cucumber,vegetable,2021-11-25,4.69,35,kg,"<bound method Series.where of 0      36
1      23
2      34
3      23
4      34
       ..
295    31
296    29
297    37
298    34
299    36
Name: sales_quantity, Length: 300, dtype: int64>"
55,1002,cucumber,vegetable,2021-11-26,4.69,27,kg,"<bound method Series.where of 0      36
1      23
2      34
3      23
4      34
       ..
295    31
296    29
297    37
298    34
299    36
Name: sales_quantity, Length: 300, dtype: int64>"
56,1002,cucumber,vegetable,2021-11-27,4.69,37,kg,"<bound method Series.where of 0      36
1      23
2      34
3      23
4      34
       ..
295    31
296    29
297    37
298    34
299    36
Name: sales_quantity, Length: 300, dtype: int64>"
57,1002,cucumber,vegetable,2021-11-28,4.69,23,kg,"<bound method Series.where of 0      36
1      23
2      34
3      23
4      34
       ..
295    31
296    29
297    37
298    34
299    36
Name: sales_quantity, Length: 300, dtype: int64>"
58,1002,cucumber,vegetable,2021-11-29,4.69,38,kg,"<bound method Series.where of 0      36
1      23
2      34
3      23
4      34
       ..
295    31
296    29
297    37
298    34
299    36
Name: sales_quantity, Length: 300, dtype: int64>"
59,1002,cucumber,vegetable,2021-11-30,4.69,20,kg,"<bound method Series.where of 0      36
1      23
2      34
3      23
4      34
       ..
295    31
296    29
297    37
298    34
299    36
Name: sales_quantity, Length: 300, dtype: int64>"
60,1003,onion,vegetable,2021-11-01,2.29,29,kg,"<bound method Series.where of 0      36
1      23
2      34
3      23
4      34
       ..
295    31
296    29
297    37
298    34
299    36
Name: sales_quantity, Length: 300, dtype: int64>"
61,1003,onion,vegetable,2021-11-02,2.29,22,kg,"<bound method Series.where of 0      36
1      23
2      34
3      23
4      34
       ..
295    31
296    29
297    37
298    34
299    36
Name: sales_quantity, Length: 300, dtype: int64>"
62,1003,onion,vegetable,2021-11-03,2.29,33,kg,"<bound method Series.where of 0      36
1      23
2      34
3      23
4      34
       ..
295    31
296    29
297    37
298    34
299    36
Name: sales_quantity, Length: 300, dtype: int64>"
63,1003,onion,vegetable,2021-11-04,2.29,27,kg,"<bound method Series.where of 0      36
1      23
2      34
3      23
4      34
       ..
295    31
296    29
297    37
298    34
299    36
Name: sales_quantity, Length: 300, dtype: int64>"
64,1003,onion,vegetable,2021-11-05,2.29,35,kg,"<bound method Series.where of 0      36
1      23
2      34
3      23
4      34
       ..
295    31
296    29
297    37
298    34
299    36
Name: sales_quantity, Length: 300, dtype: int64>"
65,1003,onion,vegetable,2021-11-06,2.29,29,kg,"<bound method Series.where of 0      36
1      23
2      34
3      23
4      34
       ..
295    31
296    29
297    37
298    34
299    36
Name: sales_quantity, Length: 300, dtype: int64>"
66,1003,onion,vegetable,2021-11-07,2.29,38,kg,"<bound method Series.where of 0      36
1      23
2      34
3      23
4      34
       ..
295    31
296    29
297    37
298    34
299    36
Name: sales_quantity, Length: 300, dtype: int64>"
67,1003,onion,vegetable,2021-11-08,2.29,27,kg,"<bound method Series.where of 0      36
1      23
2      34
3      23
4      34
       ..
295    31
296    29
297    37
298    34
299    36
Name: sales_quantity, Length: 300, dtype: int64>"
68,1003,onion,vegetable,2021-11-09,2.29,34,kg,"<bound method Series.where of 0      36
1      23
2      34
3      23
4      34
       ..
295    31
296    29
297    37
298    34
299    36
Name: sales_quantity, Length: 300, dtype: int64>"
69,1003,onion,vegetable,2021-11-10,1.99,26,kg,"<bound method Series.where of 0      36
1      23
2      34
3      23
4      34
       ..
295    31
296    29
297    37
298    34
299    36
Name: sales_quantity, Length: 300, dtype: int64>"
70,1003,onion,vegetable,2021-11-11,1.99,23,kg,"<bound method Series.where of 0      36
1      23
2      34
3      23
4      34
       ..
295    31
296    29
297    37
298    34
299    36
Name: sales_quantity, Length: 300, dtype: int64>"
71,1003,onion,vegetable,2021-11-12,1.99,39,kg,"<bound method Series.where of 0      36
1      23
2      34
3      23
4      34
       ..
295    31
296    29
297    37
298    34
299    36
Name: sales_quantity, Length: 300, dtype: int64>"
72,1003,onion,vegetable,2021-11-13,1.99,26,kg,"<bound method Series.where of 0      36
1      23
2      34
3      23
4      34
       ..
295    31
296    29
297    37
298    34
299    36
Name: sales_quantity, Length: 300, dtype: int64>"
73,1003,onion,vegetable,2021-11-14,4.4,39,kg,"<bound method Series.where of 0      36
1      23
2      34
3      23
4      34
       ..
295    31
296    29
297    37
298    34
299    36
Name: sales_quantity, Length: 300, dtype: int64>"
74,1003,onion,vegetable,2021-11-15,4.4,25,kg,"<bound method Series.where of 0      36
1      23
2      34
3      23
4      34
       ..
295    31
296    29
297    37
298    34
299    36
Name: sales_quantity, Length: 300, dtype: int64>"
75,1003,onion,vegetable,2021-11-16,1.99,21,kg,"<bound method Series.where of 0      36
1      23
2      34
3      23
4      34
       ..
295    31
296    29
297    37
298    34
299    36
Name: sales_quantity, Length: 300, dtype: int64>"
76,1003,onion,vegetable,2021-11-17,1.99,38,kg,"<bound method Series.where of 0      36
1      23
2      34
3      23
4      34
       ..
295    31
296    29
297    37
298    34
299    36
Name: sales_quantity, Length: 300, dtype: int64>"
77,1003,onion,vegetable,2021-11-18,1.99,21,kg,"<bound method Series.where of 0      36
1      23
2      34
3      23
4      34
       ..
295    31
296    29
297    37
298    34
299    36
Name: sales_quantity, Length: 300, dtype: int64>"
78,1003,onion,vegetable,2021-11-19,1.99,38,kg,"<bound method Series.where of 0      36
1      23
2      34
3      23
4      34
       ..
295    31
296    29
297    37
298    34
299    36
Name: sales_quantity, Length: 300, dtype: int64>"
79,1003,onion,vegetable,2021-11-20,1.99,30,kg,"<bound method Series.where of 0      36
1      23
2      34
3      23
4      34
       ..
295    31
296    29
297    37
298    34
299    36
Name: sales_quantity, Length: 300, dtype: int64>"
80,1003,onion,vegetable,2021-11-21,1.99,28,kg,"<bound method Series.where of 0      36
1      23
2      34
3      23
4      34
       ..
295    31
296    29
297    37
298    34
299    36
Name: sales_quantity, Length: 300, dtype: int64>"
81,1003,onion,vegetable,2021-11-22,1.99,25,kg,"<bound method Series.where of 0      36
1      23
2      34
3      23
4      34
       ..
295    31
296    29
297    37
298    34
299    36
Name: sales_quantity, Length: 300, dtype: int64>"
82,1003,onion,vegetable,2021-11-23,1.99,23,kg,"<bound method Series.where of 0      36
1      23
2      34
3      23
4      34
       ..
295    31
296    29
297    37
298    34
299    36
Name: sales_quantity, Length: 300, dtype: int64>"
83,1003,onion,vegetable,2021-11-24,1.99,23,kg,"<bound method Series.where of 0      36
1      23
2      34
3      23
4      34
       ..
295    31
296    29
297    37
298    34
299    36
Name: sales_quantity, Length: 300, dtype: int64>"
84,1003,onion,vegetable,2021-11-25,2.29,24,kg,"<bound method Series.where of 0      36
1      23
2      34
3      23
4      34
       ..
295    31
296    29
297    37
298    34
299    36
Name: sales_quantity, Length: 300, dtype: int64>"
85,1003,onion,vegetable,2021-11-26,2.29,28,kg,"<bound method Series.where of 0      36
1      23
2      34
3      23
4      34
       ..
295    31
296    29
297    37
298    34
299    36
Name: sales_quantity, Length: 300, dtype: int64>"
86,1003,onion,vegetable,2021-11-27,2.29,25,kg,"<bound method Series.where of 0      36
1      23
2      34
3      23
4      34
       ..
295    31
296    29
297    37
298    34
299    36
Name: sales_quantity, Length: 300, dtype: int64>"
87,1003,onion,vegetable,2021-11-28,2.29,38,kg,"<bound method Series.where of 0      36
1      23
2      34
3      23
4      34
       ..
295    31
296    29
297    37
298    34
299    36
Name: sales_quantity, Length: 300, dtype: int64>"
88,1003,onion,vegetable,2021-11-29,2.29,21,kg,"<bound method Series.where of 0      36
1      23
2      34
3      23
4      34
       ..
295    31
296    29
297    37
298    34
299    36
Name: sales_quantity, Length: 300, dtype: int64>"
89,1003,onion,vegetable,2021-11-30,2.29,27,kg,"<bound method Series.where of 0      36
1      23
2      34
3      23
4      34
       ..
295    31
296    29
297    37
298    34
299    36
Name: sales_quantity, Length: 300, dtype: int64>"
90,1101,plum,fruit,2021-11-01,4.5,27,kg,"<bound method Series.where of 0      36
1      23
2      34
3      23
4      34
       ..
295    31
296    29
297    37
298    34
299    36
Name: sales_quantity, Length: 300, dtype: int64>"
91,1101,plum,fruit,2021-11-02,4.5,33,kg,"<bound method Series.where of 0      36
1      23
2      34
3      23
4      34
       ..
295    31
296    29
297    37
298    34
299    36
Name: sales_quantity, Length: 300, dtype: int64>"
92,1101,plum,fruit,2021-11-03,4.5,37,kg,"<bound method Series.where of 0      36
1      23
2      34
3      23
4      34
       ..
295    31
296    29
297    37
298    34
299    36
Name: sales_quantity, Length: 300, dtype: int64>"
93,1101,plum,fruit,2021-11-04,4.5,33,kg,"<bound method Series.where of 0      36
1      23
2      34
3      23
4      34
       ..
295    31
296    29
297    37
298    34
299    36
Name: sales_quantity, Length: 300, dtype: int64>"
94,1101,plum,fruit,2021-11-05,4.5,30,kg,"<bound method Series.where of 0      36
1      23
2      34
3      23
4      34
       ..
295    31
296    29
297    37
298    34
299    36
Name: sales_quantity, Length: 300, dtype: int64>"
95,1101,plum,fruit,2021-11-06,4.5,22,kg,"<bound method Series.where of 0      36
1      23
2      34
3      23
4      34
       ..
295    31
296    29
297    37
298    34
299    36
Name: sales_quantity, Length: 300, dtype: int64>"
96,1101,plum,fruit,2021-11-07,4.5,38,kg,"<bound method Series.where of 0      36
1      23
2      34
3      23
4      34
       ..
295    31
296    29
297    37
298    34
299    36
Name: sales_quantity, Length: 300, dtype: int64>"
97,1101,plum,fruit,2021-11-08,4.5,22,kg,"<bound method Series.where of 0      36
1      23
2      34
3      23
4      34
       ..
295    31
296    29
297    37
298    34
299    36
Name: sales_quantity, Length: 300, dtype: int64>"
98,1101,plum,fruit,2021-11-09,4.5,22,kg,"<bound method Series.where of 0      36
1      23
2      34
3      23
4      34
       ..
295    31
296    29
297    37
298    34
299    36
Name: sales_quantity, Length: 300, dtype: int64>"
99,1101,plum,fruit,2021-11-10,4.4,36,kg,"<bound method Series.where of 0      36
1      23
2      34
3      23
4      34
       ..
295    31
296    29
297    37
298    34
299    36
Name: sales_quantity, Length: 300, dtype: int64>"
100,1101,plum,fruit,2021-11-11,4.5,34,kg,"<bound method Series.where of 0      36
1      23
2      34
3      23
4      34
       ..
295    31
296    29
297    37
298    34
299    36
Name: sales_quantity, Length: 300, dtype: int64>"
101,1101,plum,fruit,2021-11-12,4.5,32,kg,"<bound method Series.where of 0      36
1      23
2      34
3      23
4      34
       ..
295    31
296    29
297    37
298    34
299    36
Name: sales_quantity, Length: 300, dtype: int64>"
102,1101,plum,fruit,2021-11-13,4.5,36,kg,"<bound method Series.where of 0      36
1      23
2      34
3      23
4      34
       ..
295    31
296    29
297    37
298    34
299    36
Name: sales_quantity, Length: 300, dtype: int64>"
103,1101,plum,fruit,2021-11-14,4.5,32,kg,"<bound method Series.where of 0      36
1      23
2      34
3      23
4      34
       ..
295    31
296    29
297    37
298    34
299    36
Name: sales_quantity, Length: 300, dtype: int64>"
104,1101,plum,fruit,2021-11-15,4.7,24,kg,"<bound method Series.where of 0      36
1      23
2      34
3      23
4      34
       ..
295    31
296    29
297    37
298    34
299    36
Name: sales_quantity, Length: 300, dtype: int64>"
105,1101,plum,fruit,2021-11-16,4.7,34,kg,"<bound method Series.where of 0      36
1      23
2      34
3      23
4      34
       ..
295    31
296    29
297    37
298    34
299    36
Name: sales_quantity, Length: 300, dtype: int64>"
106,1101,plum,fruit,2021-11-17,4.7,22,kg,"<bound method Series.where of 0      36
1      23
2      34
3      23
4      34
       ..
295    31
296    29
297    37
298    34
299    36
Name: sales_quantity, Length: 300, dtype: int64>"
107,1101,plum,fruit,2021-11-18,4.7,39,kg,"<bound method Series.where of 0      36
1      23
2      34
3      23
4      34
       ..
295    31
296    29
297    37
298    34
299    36
Name: sales_quantity, Length: 300, dtype: int64>"
108,1101,plum,fruit,2021-11-19,4.7,31,kg,"<bound method Series.where of 0      36
1      23
2      34
3      23
4      34
       ..
295    31
296    29
297    37
298    34
299    36
Name: sales_quantity, Length: 300, dtype: int64>"
109,1101,plum,fruit,2021-11-20,4.7,21,kg,"<bound method Series.where of 0      36
1      23
2      34
3      23
4      34
       ..
295    31
296    29
297    37
298    34
299    36
Name: sales_quantity, Length: 300, dtype: int64>"
110,1101,plum,fruit,2021-11-21,4.7,22,kg,"<bound method Series.where of 0      36
1      23
2      34
3      23
4      34
       ..
295    31
296    29
297    37
298    34
299    36
Name: sales_quantity, Length: 300, dtype: int64>"
111,1101,plum,fruit,2021-11-22,4.7,31,kg,"<bound method Series.where of 0      36
1      23
2      34
3      23
4      34
       ..
295    31
296    29
297    37
298    34
299    36
Name: sales_quantity, Length: 300, dtype: int64>"
112,1101,plum,fruit,2021-11-23,3.9,32,kg,"<bound method Series.where of 0      36
1      23
2      34
3      23
4      34
       ..
295    31
296    29
297    37
298    34
299    36
Name: sales_quantity, Length: 300, dtype: int64>"
113,1101,plum,fruit,2021-11-24,3.9,29,kg,"<bound method Series.where of 0      36
1      23
2      34
3      23
4      34
       ..
295    31
296    29
297    37
298    34
299    36
Name: sales_quantity, Length: 300, dtype: int64>"
114,1101,plum,fruit,2021-11-25,3.9,24,kg,"<bound method Series.where of 0      36
1      23
2      34
3      23
4      34
       ..
295    31
296    29
297    37
298    34
299    36
Name: sales_quantity, Length: 300, dtype: int64>"
115,1101,plum,fruit,2021-11-26,3.9,34,kg,"<bound method Series.where of 0      36
1      23
2      34
3      23
4      34
       ..
295    31
296    29
297    37
298    34
299    36
Name: sales_quantity, Length: 300, dtype: int64>"
116,1101,plum,fruit,2021-11-27,3.9,24,kg,"<bound method Series.where of 0      36
1      23
2      34
3      23
4      34
       ..
295    31
296    29
297    37
298    34
299    36
Name: sales_quantity, Length: 300, dtype: int64>"
117,1101,plum,fruit,2021-11-28,3.9,21,kg,"<bound method Series.where of 0      36
1      23
2      34
3      23
4      34
       ..
295    31
296    29
297    37
298    34
299    36
Name: sales_quantity, Length: 300, dtype: int64>"
118,1101,plum,fruit,2021-11-29,3.9,32,kg,"<bound method Series.where of 0      36
1      23
2      34
3      23
4      34
       ..
295    31
296    29
297    37
298    34
299    36
Name: sales_quantity, Length: 300, dtype: int64>"
119,1101,plum,fruit,2021-11-30,3.9,29,kg,"<bound method Series.where of 0      36
1      23
2      34
3      23
4      34
       ..
295    31
296    29
297    37
298    34
299    36
Name: sales_quantity, Length: 300, dtype: int64>"
120,1102,orange,fruit,2021-11-01,2.6,37,kg,"<bound method Series.where of 0      36
1      23
2      34
3      23
4      34
       ..
295    31
296    29
297    37
298    34
299    36
Name: sales_quantity, Length: 300, dtype: int64>"
121,1102,orange,fruit,2021-11-02,2.6,21,kg,"<bound method Series.where of 0      36
1      23
2      34
3      23
4      34
       ..
295    31
296    29
297    37
298    34
299    36
Name: sales_quantity, Length: 300, dtype: int64>"
122,1102,orange,fruit,2021-11-03,2.6,35,kg,"<bound method Series.where of 0      36
1      23
2      34
3      23
4      34
       ..
295    31
296    29
297    37
298    34
299    36
Name: sales_quantity, Length: 300, dtype: int64>"
123,1102,orange,fruit,2021-11-04,2.6,37,kg,"<bound method Series.where of 0      36
1      23
2      34
3      23
4      34
       ..
295    31
296    29
297    37
298    34
299    36
Name: sales_quantity, Length: 300, dtype: int64>"
124,1102,orange,fruit,2021-11-05,2.6,36,kg,"<bound method Series.where of 0      36
1      23
2      34
3      23
4      34
       ..
295    31
296    29
297    37
298    34
299    36
Name: sales_quantity, Length: 300, dtype: int64>"
125,1102,orange,fruit,2021-11-06,2.6,37,kg,"<bound method Series.where of 0      36
1      23
2      34
3      23
4      34
       ..
295    31
296    29
297    37
298    34
299    36
Name: sales_quantity, Length: 300, dtype: int64>"
126,1102,orange,fruit,2021-11-07,2.6,29,kg,"<bound method Series.where of 0      36
1      23
2      34
3      23
4      34
       ..
295    31
296    29
297    37
298    34
299    36
Name: sales_quantity, Length: 300, dtype: int64>"
127,1102,orange,fruit,2021-11-08,4.4,28,kg,"<bound method Series.where of 0      36
1      23
2      34
3      23
4      34
       ..
295    31
296    29
297    37
298    34
299    36
Name: sales_quantity, Length: 300, dtype: int64>"
128,1102,orange,fruit,2021-11-09,2.6,31,kg,"<bound method Series.where of 0      36
1      23
2      34
3      23
4      34
       ..
295    31
296    29
297    37
298    34
299    36
Name: sales_quantity, Length: 300, dtype: int64>"
129,1102,orange,fruit,2021-11-10,2.6,39,kg,"<bound method Series.where of 0      36
1      23
2      34
3      23
4      34
       ..
295    31
296    29
297    37
298    34
299    36
Name: sales_quantity, Length: 300, dtype: int64>"
130,1102,orange,fruit,2021-11-11,2.6,32,kg,"<bound method Series.where of 0      36
1      23
2      34
3      23
4      34
       ..
295    31
296    29
297    37
298    34
299    36
Name: sales_quantity, Length: 300, dtype: int64>"
131,1102,orange,fruit,2021-11-12,2.6,30,kg,"<bound method Series.where of 0      36
1      23
2      34
3      23
4      34
       ..
295    31
296    29
297    37
298    34
299    36
Name: sales_quantity, Length: 300, dtype: int64>"
132,1102,orange,fruit,2021-11-13,2.6,26,kg,"<bound method Series.where of 0      36
1      23
2      34
3      23
4      34
       ..
295    31
296    29
297    37
298    34
299    36
Name: sales_quantity, Length: 300, dtype: int64>"
133,1102,orange,fruit,2021-11-14,2.9,28,kg,"<bound method Series.where of 0      36
1      23
2      34
3      23
4      34
       ..
295    31
296    29
297    37
298    34
299    36
Name: sales_quantity, Length: 300, dtype: int64>"
134,1102,orange,fruit,2021-11-15,2.9,23,kg,"<bound method Series.where of 0      36
1      23
2      34
3      23
4      34
       ..
295    31
296    29
297    37
298    34
299    36
Name: sales_quantity, Length: 300, dtype: int64>"
135,1102,orange,fruit,2021-11-16,2.9,28,kg,"<bound method Series.where of 0      36
1      23
2      34
3      23
4      34
       ..
295    31
296    29
297    37
298    34
299    36
Name: sales_quantity, Length: 300, dtype: int64>"
136,1102,orange,fruit,2021-11-17,2.9,29,kg,"<bound method Series.where of 0      36
1      23
2      34
3      23
4      34
       ..
295    31
296    29
297    37
298    34
299    36
Name: sales_quantity, Length: 300, dtype: int64>"
137,1102,orange,fruit,2021-11-18,2.9,29,kg,"<bound method Series.where of 0      36
1      23
2      34
3      23
4      34
       ..
295    31
296    29
297    37
298    34
299    36
Name: sales_quantity, Length: 300, dtype: int64>"
138,1102,orange,fruit,2021-11-19,2.9,26,kg,"<bound method Series.where of 0      36
1      23
2      34
3      23
4      34
       ..
295    31
296    29
297    37
298    34
299    36
Name: sales_quantity, Length: 300, dtype: int64>"
139,1102,orange,fruit,2021-11-20,2.9,34,kg,"<bound method Series.where of 0      36
1      23
2      34
3      23
4      34
       ..
295    31
296    29
297    37
298    34
299    36
Name: sales_quantity, Length: 300, dtype: int64>"
140,1102,orange,fruit,2021-11-21,2.9,28,kg,"<bound method Series.where of 0      36
1      23
2      34
3      23
4      34
       ..
295    31
296    29
297    37
298    34
299    36
Name: sales_quantity, Length: 300, dtype: int64>"
141,1102,orange,fruit,2021-11-22,4.4,38,kg,"<bound method Series.where of 0      36
1      23
2      34
3      23
4      34
       ..
295    31
296    29
297    37
298    34
299    36
Name: sales_quantity, Length: 300, dtype: int64>"
142,1102,orange,fruit,2021-11-23,2.7,30,kg,"<bound method Series.where of 0      36
1      23
2      34
3      23
4      34
       ..
295    31
296    29
297    37
298    34
299    36
Name: sales_quantity, Length: 300, dtype: int64>"
143,1102,orange,fruit,2021-11-24,2.7,34,kg,"<bound method Series.where of 0      36
1      23
2      34
3      23
4      34
       ..
295    31
296    29
297    37
298    34
299    36
Name: sales_quantity, Length: 300, dtype: int64>"
144,1102,orange,fruit,2021-11-25,2.7,29,kg,"<bound method Series.where of 0      36
1      23
2      34
3      23
4      34
       ..
295    31
296    29
297    37
298    34
299    36
Name: sales_quantity, Length: 300, dtype: int64>"
145,1102,orange,fruit,2021-11-26,2.7,25,kg,"<bound method Series.where of 0      36
1      23
2      34
3      23
4      34
       ..
295    31
296    29
297    37
298    34
299    36
Name: sales_quantity, Length: 300, dtype: int64>"
146,1102,orange,fruit,2021-11-27,2.7,28,kg,"<bound method Series.where of 0      36
1      23
2      34
3      23
4      34
       ..
295    31
296    29
297    37
298    34
299    36
Name: sales_quantity, Length: 300, dtype: int64>"
147,1102,orange,fruit,2021-11-28,2.7,27,kg,"<bound method Series.where of 0      36
1      23
2      34
3      23
4      34
       ..
295    31
296    29
297    37
298    34
299    36
Name: sales_quantity, Length: 300, dtype: int64>"
148,1102,orange,fruit,2021-11-29,2.7,21,kg,"<bound method Series.where of 0      36
1      23
2      34
3      23
4      34
       ..
295    31
296    29
297    37
298    34
299    36
Name: sales_quantity, Length: 300, dtype: int64>"
149,1102,orange,fruit,2021-11-30,2.7,33,kg,"<bound method Series.where of 0      36
1      23
2      34
3      23
4      34
       ..
295    31
296    29
297    37
298    34
299    36
Name: sales_quantity, Length: 300, dtype: int64>"
150,1103,apple,fruit,2021-11-01,1.9,31,kg,"<bound method Series.where of 0      36
1      23
2      34
3      23
4      34
       ..
295    31
296    29
297    37
298    34
299    36
Name: sales_quantity, Length: 300, dtype: int64>"
151,1103,apple,fruit,2021-11-02,1.9,29,kg,"<bound method Series.where of 0      36
1      23
2      34
3      23
4      34
       ..
295    31
296    29
297    37
298    34
299    36
Name: sales_quantity, Length: 300, dtype: int64>"
152,1103,apple,fruit,2021-11-03,1.9,31,kg,"<bound method Series.where of 0      36
1      23
2      34
3      23
4      34
       ..
295    31
296    29
297    37
298    34
299    36
Name: sales_quantity, Length: 300, dtype: int64>"
153,1103,apple,fruit,2021-11-04,1.9,31,kg,"<bound method Series.where of 0      36
1      23
2      34
3      23
4      34
       ..
295    31
296    29
297    37
298    34
299    36
Name: sales_quantity, Length: 300, dtype: int64>"
154,1103,apple,fruit,2021-11-05,4.4,28,kg,"<bound method Series.where of 0      36
1      23
2      34
3      23
4      34
       ..
295    31
296    29
297    37
298    34
299    36
Name: sales_quantity, Length: 300, dtype: int64>"
155,1103,apple,fruit,2021-11-06,1.9,39,kg,"<bound method Series.where of 0      36
1      23
2      34
3      23
4      34
       ..
295    31
296    29
297    37
298    34
299    36
Name: sales_quantity, Length: 300, dtype: int64>"
156,1103,apple,fruit,2021-11-07,1.9,39,kg,"<bound method Series.where of 0      36
1      23
2      34
3      23
4      34
       ..
295    31
296    29
297    37
298    34
299    36
Name: sales_quantity, Length: 300, dtype: int64>"
157,1103,apple,fruit,2021-11-08,1.9,22,kg,"<bound method Series.where of 0      36
1      23
2      34
3      23
4      34
       ..
295    31
296    29
297    37
298    34
299    36
Name: sales_quantity, Length: 300, dtype: int64>"
158,1103,apple,fruit,2021-11-09,1.9,35,kg,"<bound method Series.where of 0      36
1      23
2      34
3      23
4      34
       ..
295    31
296    29
297    37
298    34
299    36
Name: sales_quantity, Length: 300, dtype: int64>"
159,1103,apple,fruit,2021-11-10,1.9,31,kg,"<bound method Series.where of 0      36
1      23
2      34
3      23
4      34
       ..
295    31
296    29
297    37
298    34
299    36
Name: sales_quantity, Length: 300, dtype: int64>"
160,1103,apple,fruit,2021-11-11,4.4,21,kg,"<bound method Series.where of 0      36
1      23
2      34
3      23
4      34
       ..
295    31
296    29
297    37
298    34
299    36
Name: sales_quantity, Length: 300, dtype: int64>"
161,1103,apple,fruit,2021-11-12,1.9,30,kg,"<bound method Series.where of 0      36
1      23
2      34
3      23
4      34
       ..
295    31
296    29
297    37
298    34
299    36
Name: sales_quantity, Length: 300, dtype: int64>"
162,1103,apple,fruit,2021-11-13,1.9,20,kg,"<bound method Series.where of 0      36
1      23
2      34
3      23
4      34
       ..
295    31
296    29
297    37
298    34
299    36
Name: sales_quantity, Length: 300, dtype: int64>"
163,1103,apple,fruit,2021-11-14,2.2,31,kg,"<bound method Series.where of 0      36
1      23
2      34
3      23
4      34
       ..
295    31
296    29
297    37
298    34
299    36
Name: sales_quantity, Length: 300, dtype: int64>"
164,1103,apple,fruit,2021-11-15,2.2,23,kg,"<bound method Series.where of 0      36
1      23
2      34
3      23
4      34
       ..
295    31
296    29
297    37
298    34
299    36
Name: sales_quantity, Length: 300, dtype: int64>"
165,1103,apple,fruit,2021-11-16,2.2,24,kg,"<bound method Series.where of 0      36
1      23
2      34
3      23
4      34
       ..
295    31
296    29
297    37
298    34
299    36
Name: sales_quantity, Length: 300, dtype: int64>"
166,1103,apple,fruit,2021-11-17,2.2,21,kg,"<bound method Series.where of 0      36
1      23
2      34
3      23
4      34
       ..
295    31
296    29
297    37
298    34
299    36
Name: sales_quantity, Length: 300, dtype: int64>"
167,1103,apple,fruit,2021-11-18,2.2,28,kg,"<bound method Series.where of 0      36
1      23
2      34
3      23
4      34
       ..
295    31
296    29
297    37
298    34
299    36
Name: sales_quantity, Length: 300, dtype: int64>"
168,1103,apple,fruit,2021-11-19,2.2,24,kg,"<bound method Series.where of 0      36
1      23
2      34
3      23
4      34
       ..
295    31
296    29
297    37
298    34
299    36
Name: sales_quantity, Length: 300, dtype: int64>"
169,1103,apple,fruit,2021-11-20,2.2,34,kg,"<bound method Series.where of 0      36
1      23
2      34
3      23
4      34
       ..
295    31
296    29
297    37
298    34
299    36
Name: sales_quantity, Length: 300, dtype: int64>"
170,1103,apple,fruit,2021-11-21,2.2,35,kg,"<bound method Series.where of 0      36
1      23
2      34
3      23
4      34
       ..
295    31
296    29
297    37
298    34
299    36
Name: sales_quantity, Length: 300, dtype: int64>"
171,1103,apple,fruit,2021-11-22,2.2,35,kg,"<bound method Series.where of 0      36
1      23
2      34
3      23
4      34
       ..
295    31
296    29
297    37
298    34
299    36
Name: sales_quantity, Length: 300, dtype: int64>"
172,1103,apple,fruit,2021-11-23,2.2,36,kg,"<bound method Series.where of 0      36
1      23
2      34
3      23
4      34
       ..
295    31
296    29
297    37
298    34
299    36
Name: sales_quantity, Length: 300, dtype: int64>"
173,1103,apple,fruit,2021-11-24,2.2,20,kg,"<bound method Series.where of 0      36
1      23
2      34
3      23
4      34
       ..
295    31
296    29
297    37
298    34
299    36
Name: sales_quantity, Length: 300, dtype: int64>"
174,1103,apple,fruit,2021-11-25,2.2,28,kg,"<bound method Series.where of 0      36
1      23
2      34
3      23
4      34
       ..
295    31
296    29
297    37
298    34
299    36
Name: sales_quantity, Length: 300, dtype: int64>"
175,1103,apple,fruit,2021-11-26,2.2,24,kg,"<bound method Series.where of 0      36
1      23
2      34
3      23
4      34
       ..
295    31
296    29
297    37
298    34
299    36
Name: sales_quantity, Length: 300, dtype: int64>"
176,1103,apple,fruit,2021-11-27,4.4,29,kg,"<bound method Series.where of 0      36
1      23
2      34
3      23
4      34
       ..
295    31
296    29
297    37
298    34
299    36
Name: sales_quantity, Length: 300, dtype: int64>"
177,1103,apple,fruit,2021-11-28,2.2,37,kg,"<bound method Series.where of 0      36
1      23
2      34
3      23
4      34
       ..
295    31
296    29
297    37
298    34
299    36
Name: sales_quantity, Length: 300, dtype: int64>"
178,1103,apple,fruit,2021-11-29,2.2,33,kg,"<bound method Series.where of 0      36
1      23
2      34
3      23
4      34
       ..
295    31
296    29
297    37
298    34
299    36
Name: sales_quantity, Length: 300, dtype: int64>"
179,1103,apple,fruit,2021-11-30,2.2,29,kg,"<bound method Series.where of 0      36
1      23
2      34
3      23
4      34
       ..
295    31
296    29
297    37
298    34
299    36
Name: sales_quantity, Length: 300, dtype: int64>"
180,1104,grape,fruit,2021-11-01,4.4,29,kg,"<bound method Series.where of 0      36
1      23
2      34
3      23
4      34
       ..
295    31
296    29
297    37
298    34
299    36
Name: sales_quantity, Length: 300, dtype: int64>"
181,1104,grape,fruit,2021-11-02,4.4,25,kg,"<bound method Series.where of 0      36
1      23
2      34
3      23
4      34
       ..
295    31
296    29
297    37
298    34
299    36
Name: sales_quantity, Length: 300, dtype: int64>"
182,1104,grape,fruit,2021-11-03,4.4,24,kg,"<bound method Series.where of 0      36
1      23
2      34
3      23
4      34
       ..
295    31
296    29
297    37
298    34
299    36
Name: sales_quantity, Length: 300, dtype: int64>"
183,1104,grape,fruit,2021-11-04,4.4,38,kg,"<bound method Series.where of 0      36
1      23
2      34
3      23
4      34
       ..
295    31
296    29
297    37
298    34
299    36
Name: sales_quantity, Length: 300, dtype: int64>"
184,1104,grape,fruit,2021-11-05,4.4,28,kg,"<bound method Series.where of 0      36
1      23
2      34
3      23
4      34
       ..
295    31
296    29
297    37
298    34
299    36
Name: sales_quantity, Length: 300, dtype: int64>"
185,1104,grape,fruit,2021-11-06,4.4,25,kg,"<bound method Series.where of 0      36
1      23
2      34
3      23
4      34
       ..
295    31
296    29
297    37
298    34
299    36
Name: sales_quantity, Length: 300, dtype: int64>"
186,1104,grape,fruit,2021-11-07,4.4,37,kg,"<bound method Series.where of 0      36
1      23
2      34
3      23
4      34
       ..
295    31
296    29
297    37
298    34
299    36
Name: sales_quantity, Length: 300, dtype: int64>"
187,1104,grape,fruit,2021-11-08,4.4,21,kg,"<bound method Series.where of 0      36
1      23
2      34
3      23
4      34
       ..
295    31
296    29
297    37
298    34
299    36
Name: sales_quantity, Length: 300, dtype: int64>"
188,1104,grape,fruit,2021-11-09,4.4,35,kg,"<bound method Series.where of 0      36
1      23
2      34
3      23
4      34
       ..
295    31
296    29
297    37
298    34
299    36
Name: sales_quantity, Length: 300, dtype: int64>"
189,1104,grape,fruit,2021-11-10,4.4,24,kg,"<bound method Series.where of 0      36
1      23
2      34
3      23
4      34
       ..
295    31
296    29
297    37
298    34
299    36
Name: sales_quantity, Length: 300, dtype: int64>"
190,1104,grape,fruit,2021-11-11,4.4,29,kg,"<bound method Series.where of 0      36
1      23
2      34
3      23
4      34
       ..
295    31
296    29
297    37
298    34
299    36
Name: sales_quantity, Length: 300, dtype: int64>"
191,1104,grape,fruit,2021-11-12,4.4,24,kg,"<bound method Series.where of 0      36
1      23
2      34
3      23
4      34
       ..
295    31
296    29
297    37
298    34
299    36
Name: sales_quantity, Length: 300, dtype: int64>"
192,1104,grape,fruit,2021-11-13,4.4,37,kg,"<bound method Series.where of 0      36
1      23
2      34
3      23
4      34
       ..
295    31
296    29
297    37
298    34
299    36
Name: sales_quantity, Length: 300, dtype: int64>"
193,1104,grape,fruit,2021-11-14,4.4,31,kg,"<bound method Series.where of 0      36
1      23
2      34
3      23
4      34
       ..
295    31
296    29
297    37
298    34
299    36
Name: sales_quantity, Length: 300, dtype: int64>"
194,1104,grape,fruit,2021-11-15,4.4,32,kg,"<bound method Series.where of 0      36
1      23
2      34
3      23
4      34
       ..
295    31
296    29
297    37
298    34
299    36
Name: sales_quantity, Length: 300, dtype: int64>"
195,1104,grape,fruit,2021-11-16,4.4,38,kg,"<bound method Series.where of 0      36
1      23
2      34
3      23
4      34
       ..
295    31
296    29
297    37
298    34
299    36
Name: sales_quantity, Length: 300, dtype: int64>"
196,1104,grape,fruit,2021-11-17,4.4,34,kg,"<bound method Series.where of 0      36
1      23
2      34
3      23
4      34
       ..
295    31
296    29
297    37
298    34
299    36
Name: sales_quantity, Length: 300, dtype: int64>"
197,1104,grape,fruit,2021-11-18,4.4,36,kg,"<bound method Series.where of 0      36
1      23
2      34
3      23
4      34
       ..
295    31
296    29
297    37
298    34
299    36
Name: sales_quantity, Length: 300, dtype: int64>"
198,1104,grape,fruit,2021-11-19,4.4,24,kg,"<bound method Series.where of 0      36
1      23
2      34
3      23
4      34
       ..
295    31
296    29
297    37
298    34
299    36
Name: sales_quantity, Length: 300, dtype: int64>"
199,1104,grape,fruit,2021-11-20,4.4,21,kg,"<bound method Series.where of 0      36
1      23
2      34
3      23
4      34
       ..
295    31
296    29
297    37
298    34
299    36
Name: sales_quantity, Length: 300, dtype: int64>"
200,1104,grape,fruit,2021-11-21,4.4,28,kg,"<bound method Series.where of 0      36
1      23
2      34
3      23
4      34
       ..
295    31
296    29
297    37
298    34
299    36
Name: sales_quantity, Length: 300, dtype: int64>"
201,1104,grape,fruit,2021-11-22,4.4,36,kg,"<bound method Series.where of 0      36
1      23
2      34
3      23
4      34
       ..
295    31
296    29
297    37
298    34
299    36
Name: sales_quantity, Length: 300, dtype: int64>"
202,1104,grape,fruit,2021-11-23,4.4,20,kg,"<bound method Series.where of 0      36
1      23
2      34
3      23
4      34
       ..
295    31
296    29
297    37
298    34
299    36
Name: sales_quantity, Length: 300, dtype: int64>"
203,1104,grape,fruit,2021-11-24,4.4,26,kg,"<bound method Series.where of 0      36
1      23
2      34
3      23
4      34
       ..
295    31
296    29
297    37
298    34
299    36
Name: sales_quantity, Length: 300, dtype: int64>"
204,1104,grape,fruit,2021-11-25,4.4,34,kg,"<bound method Series.where of 0      36
1      23
2      34
3      23
4      34
       ..
295    31
296    29
297    37
298    34
299    36
Name: sales_quantity, Length: 300, dtype: int64>"
205,1104,grape,fruit,2021-11-26,4.4,29,kg,"<bound method Series.where of 0      36
1      23
2      34
3      23
4      34
       ..
295    31
296    29
297    37
298    34
299    36
Name: sales_quantity, Length: 300, dtype: int64>"
206,1104,grape,fruit,2021-11-27,4.4,26,kg,"<bound method Series.where of 0      36
1      23
2      34
3      23
4      34
       ..
295    31
296    29
297    37
298    34
299    36
Name: sales_quantity, Length: 300, dtype: int64>"
207,1104,grape,fruit,2021-11-28,4.4,27,kg,"<bound method Series.where of 0      36
1      23
2      34
3      23
4      34
       ..
295    31
296    29
297    37
298    34
299    36
Name: sales_quantity, Length: 300, dtype: int64>"
208,1104,grape,fruit,2021-11-29,4.4,39,kg,"<bound method Series.where of 0      36
1      23
2      34
3      23
4      34
       ..
295    31
296    29
297    37
298    34
299    36
Name: sales_quantity, Length: 300, dtype: int64>"
209,1104,grape,fruit,2021-11-30,4.4,32,kg,"<bound method Series.where of 0      36
1      23
2      34
3      23
4      34
       ..
295    31
296    29
297    37
298    34
299    36
Name: sales_quantity, Length: 300, dtype: int64>"
210,1201,milk-1.5,dairy,2021-11-01,5.9,32,pcs,"<bound method Series.where of 0      36
1      23
2      34
3      23
4      34
       ..
295    31
296    29
297    37
298    34
299    36
Name: sales_quantity, Length: 300, dtype: int64>"
211,1201,milk-1.5,dairy,2021-11-02,5.9,39,pcs,"<bound method Series.where of 0      36
1      23
2      34
3      23
4      34
       ..
295    31
296    29
297    37
298    34
299    36
Name: sales_quantity, Length: 300, dtype: int64>"
212,1201,milk-1.5,dairy,2021-11-03,5.9,34,pcs,"<bound method Series.where of 0      36
1      23
2      34
3      23
4      34
       ..
295    31
296    29
297    37
298    34
299    36
Name: sales_quantity, Length: 300, dtype: int64>"
213,1201,milk-1.5,dairy,2021-11-04,5.9,31,pcs,"<bound method Series.where of 0      36
1      23
2      34
3      23
4      34
       ..
295    31
296    29
297    37
298    34
299    36
Name: sales_quantity, Length: 300, dtype: int64>"
214,1201,milk-1.5,dairy,2021-11-05,5.9,36,pcs,"<bound method Series.where of 0      36
1      23
2      34
3      23
4      34
       ..
295    31
296    29
297    37
298    34
299    36
Name: sales_quantity, Length: 300, dtype: int64>"
215,1201,milk-1.5,dairy,2021-11-06,5.9,36,pcs,"<bound method Series.where of 0      36
1      23
2      34
3      23
4      34
       ..
295    31
296    29
297    37
298    34
299    36
Name: sales_quantity, Length: 300, dtype: int64>"
216,1201,milk-1.5,dairy,2021-11-07,5.9,39,pcs,"<bound method Series.where of 0      36
1      23
2      34
3      23
4      34
       ..
295    31
296    29
297    37
298    34
299    36
Name: sales_quantity, Length: 300, dtype: int64>"
217,1201,milk-1.5,dairy,2021-11-08,5.9,30,pcs,"<bound method Series.where of 0      36
1      23
2      34
3      23
4      34
       ..
295    31
296    29
297    37
298    34
299    36
Name: sales_quantity, Length: 300, dtype: int64>"
218,1201,milk-1.5,dairy,2021-11-09,5.9,25,pcs,"<bound method Series.where of 0      36
1      23
2      34
3      23
4      34
       ..
295    31
296    29
297    37
298    34
299    36
Name: sales_quantity, Length: 300, dtype: int64>"
219,1201,milk-1.5,dairy,2021-11-10,5.9,24,pcs,"<bound method Series.where of 0      36
1      23
2      34
3      23
4      34
       ..
295    31
296    29
297    37
298    34
299    36
Name: sales_quantity, Length: 300, dtype: int64>"
220,1201,milk-1.5,dairy,2021-11-11,5.9,27,pcs,"<bound method Series.where of 0      36
1      23
2      34
3      23
4      34
       ..
295    31
296    29
297    37
298    34
299    36
Name: sales_quantity, Length: 300, dtype: int64>"
221,1201,milk-1.5,dairy,2021-11-12,5.9,29,pcs,"<bound method Series.where of 0      36
1      23
2      34
3      23
4      34
       ..
295    31
296    29
297    37
298    34
299    36
Name: sales_quantity, Length: 300, dtype: int64>"
222,1201,milk-1.5,dairy,2021-11-13,5.9,24,pcs,"<bound method Series.where of 0      36
1      23
2      34
3      23
4      34
       ..
295    31
296    29
297    37
298    34
299    36
Name: sales_quantity, Length: 300, dtype: int64>"
223,1201,milk-1.5,dairy,2021-11-14,5.9,36,pcs,"<bound method Series.where of 0      36
1      23
2      34
3      23
4      34
       ..
295    31
296    29
297    37
298    34
299    36
Name: sales_quantity, Length: 300, dtype: int64>"
224,1201,milk-1.5,dairy,2021-11-15,4.4,24,pcs,"<bound method Series.where of 0      36
1      23
2      34
3      23
4      34
       ..
295    31
296    29
297    37
298    34
299    36
Name: sales_quantity, Length: 300, dtype: int64>"
225,1201,milk-1.5,dairy,2021-11-16,5.9,29,pcs,"<bound method Series.where of 0      36
1      23
2      34
3      23
4      34
       ..
295    31
296    29
297    37
298    34
299    36
Name: sales_quantity, Length: 300, dtype: int64>"
226,1201,milk-1.5,dairy,2021-11-17,5.9,35,pcs,"<bound method Series.where of 0      36
1      23
2      34
3      23
4      34
       ..
295    31
296    29
297    37
298    34
299    36
Name: sales_quantity, Length: 300, dtype: int64>"
227,1201,milk-1.5,dairy,2021-11-18,5.9,21,pcs,"<bound method Series.where of 0      36
1      23
2      34
3      23
4      34
       ..
295    31
296    29
297    37
298    34
299    36
Name: sales_quantity, Length: 300, dtype: int64>"
228,1201,milk-1.5,dairy,2021-11-19,5.9,29,pcs,"<bound method Series.where of 0      36
1      23
2      34
3      23
4      34
       ..
295    31
296    29
297    37
298    34
299    36
Name: sales_quantity, Length: 300, dtype: int64>"
229,1201,milk-1.5,dairy,2021-11-20,6.4,22,pcs,"<bound method Series.where of 0      36
1      23
2      34
3      23
4      34
       ..
295    31
296    29
297    37
298    34
299    36
Name: sales_quantity, Length: 300, dtype: int64>"
230,1201,milk-1.5,dairy,2021-11-21,4.4,24,pcs,"<bound method Series.where of 0      36
1      23
2      34
3      23
4      34
       ..
295    31
296    29
297    37
298    34
299    36
Name: sales_quantity, Length: 300, dtype: int64>"
231,1201,milk-1.5,dairy,2021-11-22,6.4,20,pcs,"<bound method Series.where of 0      36
1      23
2      34
3      23
4      34
       ..
295    31
296    29
297    37
298    34
299    36
Name: sales_quantity, Length: 300, dtype: int64>"
232,1201,milk-1.5,dairy,2021-11-23,6.4,36,pcs,"<bound method Series.where of 0      36
1      23
2      34
3      23
4      34
       ..
295    31
296    29
297    37
298    34
299    36
Name: sales_quantity, Length: 300, dtype: int64>"
233,1201,milk-1.5,dairy,2021-11-24,6.4,35,pcs,"<bound method Series.where of 0      36
1      23
2      34
3      23
4      34
       ..
295    31
296    29
297    37
298    34
299    36
Name: sales_quantity, Length: 300, dtype: int64>"
234,1201,milk-1.5,dairy,2021-11-25,6.4,37,pcs,"<bound method Series.where of 0      36
1      23
2      34
3      23
4      34
       ..
295    31
296    29
297    37
298    34
299    36
Name: sales_quantity, Length: 300, dtype: int64>"
235,1201,milk-1.5,dairy,2021-11-26,6.4,39,pcs,"<bound method Series.where of 0      36
1      23
2      34
3      23
4      34
       ..
295    31
296    29
297    37
298    34
299    36
Name: sales_quantity, Length: 300, dtype: int64>"
236,1201,milk-1.5,dairy,2021-11-27,6.4,38,pcs,"<bound method Series.where of 0      36
1      23
2      34
3      23
4      34
       ..
295    31
296    29
297    37
298    34
299    36
Name: sales_quantity, Length: 300, dtype: int64>"
237,1201,milk-1.5,dairy,2021-11-28,6.4,37,pcs,"<bound method Series.where of 0      36
1      23
2      34
3      23
4      34
       ..
295    31
296    29
297    37
298    34
299    36
Name: sales_quantity, Length: 300, dtype: int64>"
238,1201,milk-1.5,dairy,2021-11-29,6.4,37,pcs,"<bound method Series.where of 0      36
1      23
2      34
3      23
4      34
       ..
295    31
296    29
297    37
298    34
299    36
Name: sales_quantity, Length: 300, dtype: int64>"
239,1201,milk-1.5,dairy,2021-11-30,6.4,25,pcs,"<bound method Series.where of 0      36
1      23
2      34
3      23
4      34
       ..
295    31
296    29
297    37
298    34
299    36
Name: sales_quantity, Length: 300, dtype: int64>"
240,1202,yogurt-1,dairy,2021-11-01,6.9,26,pcs,"<bound method Series.where of 0      36
1      23
2      34
3      23
4      34
       ..
295    31
296    29
297    37
298    34
299    36
Name: sales_quantity, Length: 300, dtype: int64>"
241,1202,yogurt-1,dairy,2021-11-02,6.9,36,pcs,"<bound method Series.where of 0      36
1      23
2      34
3      23
4      34
       ..
295    31
296    29
297    37
298    34
299    36
Name: sales_quantity, Length: 300, dtype: int64>"
242,1202,yogurt-1,dairy,2021-11-03,6.9,30,pcs,"<bound method Series.where of 0      36
1      23
2      34
3      23
4      34
       ..
295    31
296    29
297    37
298    34
299    36
Name: sales_quantity, Length: 300, dtype: int64>"
243,1202,yogurt-1,dairy,2021-11-04,6.9,29,pcs,"<bound method Series.where of 0      36
1      23
2      34
3      23
4      34
       ..
295    31
296    29
297    37
298    34
299    36
Name: sales_quantity, Length: 300, dtype: int64>"
244,1202,yogurt-1,dairy,2021-11-05,6.9,20,pcs,"<bound method Series.where of 0      36
1      23
2      34
3      23
4      34
       ..
295    31
296    29
297    37
298    34
299    36
Name: sales_quantity, Length: 300, dtype: int64>"
245,1202,yogurt-1,dairy,2021-11-06,6.9,21,pcs,"<bound method Series.where of 0      36
1      23
2      34
3      23
4      34
       ..
295    31
296    29
297    37
298    34
299    36
Name: sales_quantity, Length: 300, dtype: int64>"
246,1202,yogurt-1,dairy,2021-11-07,6.9,34,pcs,"<bound method Series.where of 0      36
1      23
2      34
3      23
4      34
       ..
295    31
296    29
297    37
298    34
299    36
Name: sales_quantity, Length: 300, dtype: int64>"
247,1202,yogurt-1,dairy,2021-11-08,6.9,25,pcs,"<bound method Series.where of 0      36
1      23
2      34
3      23
4      34
       ..
295    31
296    29
297    37
298    34
299    36
Name: sales_quantity, Length: 300, dtype: int64>"
248,1202,yogurt-1,dairy,2021-11-09,6.9,38,pcs,"<bound method Series.where of 0      36
1      23
2      34
3      23
4      34
       ..
295    31
296    29
297    37
298    34
299    36
Name: sales_quantity, Length: 300, dtype: int64>"
249,1202,yogurt-1,dairy,2021-11-10,6.9,38,pcs,"<bound method Series.where of 0      36
1      23
2      34
3      23
4      34
       ..
295    31
296    29
297    37
298    34
299    36
Name: sales_quantity, Length: 300, dtype: int64>"
250,1202,yogurt-1,dairy,2021-11-11,6.9,31,pcs,"<bound method Series.where of 0      36
1      23
2      34
3      23
4      34
       ..
295    31
296    29
297    37
298    34
299    36
Name: sales_quantity, Length: 300, dtype: int64>"
251,1202,yogurt-1,dairy,2021-11-12,6.9,26,pcs,"<bound method Series.where of 0      36
1      23
2      34
3      23
4      34
       ..
295    31
296    29
297    37
298    34
299    36
Name: sales_quantity, Length: 300, dtype: int64>"
252,1202,yogurt-1,dairy,2021-11-13,6.9,32,pcs,"<bound method Series.where of 0      36
1      23
2      34
3      23
4      34
       ..
295    31
296    29
297    37
298    34
299    36
Name: sales_quantity, Length: 300, dtype: int64>"
253,1202,yogurt-1,dairy,2021-11-14,6.9,22,pcs,"<bound method Series.where of 0      36
1      23
2      34
3      23
4      34
       ..
295    31
296    29
297    37
298    34
299    36
Name: sales_quantity, Length: 300, dtype: int64>"
254,1202,yogurt-1,dairy,2021-11-15,6.9,32,pcs,"<bound method Series.where of 0      36
1      23
2      34
3      23
4      34
       ..
295    31
296    29
297    37
298    34
299    36
Name: sales_quantity, Length: 300, dtype: int64>"
255,1202,yogurt-1,dairy,2021-11-16,6.9,37,pcs,"<bound method Series.where of 0      36
1      23
2      34
3      23
4      34
       ..
295    31
296    29
297    37
298    34
299    36
Name: sales_quantity, Length: 300, dtype: int64>"
256,1202,yogurt-1,dairy,2021-11-17,6.9,39,pcs,"<bound method Series.where of 0      36
1      23
2      34
3      23
4      34
       ..
295    31
296    29
297    37
298    34
299    36
Name: sales_quantity, Length: 300, dtype: int64>"
257,1202,yogurt-1,dairy,2021-11-18,5.9,21,pcs,"<bound method Series.where of 0      36
1      23
2      34
3      23
4      34
       ..
295    31
296    29
297    37
298    34
299    36
Name: sales_quantity, Length: 300, dtype: int64>"
258,1202,yogurt-1,dairy,2021-11-19,5.9,38,pcs,"<bound method Series.where of 0      36
1      23
2      34
3      23
4      34
       ..
295    31
296    29
297    37
298    34
299    36
Name: sales_quantity, Length: 300, dtype: int64>"
259,1202,yogurt-1,dairy,2021-11-20,5.9,20,pcs,"<bound method Series.where of 0      36
1      23
2      34
3      23
4      34
       ..
295    31
296    29
297    37
298    34
299    36
Name: sales_quantity, Length: 300, dtype: int64>"
260,1202,yogurt-1,dairy,2021-11-21,5.9,28,pcs,"<bound method Series.where of 0      36
1      23
2      34
3      23
4      34
       ..
295    31
296    29
297    37
298    34
299    36
Name: sales_quantity, Length: 300, dtype: int64>"
261,1202,yogurt-1,dairy,2021-11-22,5.9,26,pcs,"<bound method Series.where of 0      36
1      23
2      34
3      23
4      34
       ..
295    31
296    29
297    37
298    34
299    36
Name: sales_quantity, Length: 300, dtype: int64>"
262,1202,yogurt-1,dairy,2021-11-23,5.9,39,pcs,"<bound method Series.where of 0      36
1      23
2      34
3      23
4      34
       ..
295    31
296    29
297    37
298    34
299    36
Name: sales_quantity, Length: 300, dtype: int64>"
263,1202,yogurt-1,dairy,2021-11-24,4.4,29,pcs,"<bound method Series.where of 0      36
1      23
2      34
3      23
4      34
       ..
295    31
296    29
297    37
298    34
299    36
Name: sales_quantity, Length: 300, dtype: int64>"
264,1202,yogurt-1,dairy,2021-11-25,6.9,24,pcs,"<bound method Series.where of 0      36
1      23
2      34
3      23
4      34
       ..
295    31
296    29
297    37
298    34
299    36
Name: sales_quantity, Length: 300, dtype: int64>"
265,1202,yogurt-1,dairy,2021-11-26,6.9,28,pcs,"<bound method Series.where of 0      36
1      23
2      34
3      23
4      34
       ..
295    31
296    29
297    37
298    34
299    36
Name: sales_quantity, Length: 300, dtype: int64>"
266,1202,yogurt-1,dairy,2021-11-27,6.9,23,pcs,"<bound method Series.where of 0      36
1      23
2      34
3      23
4      34
       ..
295    31
296    29
297    37
298    34
299    36
Name: sales_quantity, Length: 300, dtype: int64>"
267,1202,yogurt-1,dairy,2021-11-28,6.9,22,pcs,"<bound method Series.where of 0      36
1      23
2      34
3      23
4      34
       ..
295    31
296    29
297    37
298    34
299    36
Name: sales_quantity, Length: 300, dtype: int64>"
268,1202,yogurt-1,dairy,2021-11-29,6.9,31,pcs,"<bound method Series.where of 0      36
1      23
2      34
3      23
4      34
       ..
295    31
296    29
297    37
298    34
299    36
Name: sales_quantity, Length: 300, dtype: int64>"
269,1202,yogurt-1,dairy,2021-11-30,6.9,37,pcs,"<bound method Series.where of 0      36
1      23
2      34
3      23
4      34
       ..
295    31
296    29
297    37
298    34
299    36
Name: sales_quantity, Length: 300, dtype: int64>"
270,1203,butter-0.25,dairy,2021-11-01,11.9,22,pcs,"<bound method Series.where of 0      36
1      23
2      34
3      23
4      34
       ..
295    31
296    29
297    37
298    34
299    36
Name: sales_quantity, Length: 300, dtype: int64>"
271,1203,butter-0.25,dairy,2021-11-02,11.9,34,pcs,"<bound method Series.where of 0      36
1      23
2      34
3      23
4      34
       ..
295    31
296    29
297    37
298    34
299    36
Name: sales_quantity, Length: 300, dtype: int64>"
272,1203,butter-0.25,dairy,2021-11-03,11.9,26,pcs,"<bound method Series.where of 0      36
1      23
2      34
3      23
4      34
       ..
295    31
296    29
297    37
298    34
299    36
Name: sales_quantity, Length: 300, dtype: int64>"
273,1203,butter-0.25,dairy,2021-11-04,11.9,39,pcs,"<bound method Series.where of 0      36
1      23
2      34
3      23
4      34
       ..
295    31
296    29
297    37
298    34
299    36
Name: sales_quantity, Length: 300, dtype: int64>"
274,1203,butter-0.25,dairy,2021-11-05,11.9,27,pcs,"<bound method Series.where of 0      36
1      23
2      34
3      23
4      34
       ..
295    31
296    29
297    37
298    34
299    36
Name: sales_quantity, Length: 300, dtype: int64>"
275,1203,butter-0.25,dairy,2021-11-06,11.9,26,pcs,"<bound method Series.where of 0      36
1      23
2      34
3      23
4      34
       ..
295    31
296    29
297    37
298    34
299    36
Name: sales_quantity, Length: 300, dtype: int64>"
276,1203,butter-0.25,dairy,2021-11-07,10.9,33,pcs,"<bound method Series.where of 0      36
1      23
2      34
3      23
4      34
       ..
295    31
296    29
297    37
298    34
299    36
Name: sales_quantity, Length: 300, dtype: int64>"
277,1203,butter-0.25,dairy,2021-11-08,10.9,23,pcs,"<bound method Series.where of 0      36
1      23
2      34
3      23
4      34
       ..
295    31
296    29
297    37
298    34
299    36
Name: sales_quantity, Length: 300, dtype: int64>"
278,1203,butter-0.25,dairy,2021-11-09,10.9,22,pcs,"<bound method Series.where of 0      36
1      23
2      34
3      23
4      34
       ..
295    31
296    29
297    37
298    34
299    36
Name: sales_quantity, Length: 300, dtype: int64>"
279,1203,butter-0.25,dairy,2021-11-10,4.4,34,pcs,"<bound method Series.where of 0      36
1      23
2      34
3      23
4      34
       ..
295    31
296    29
297    37
298    34
299    36
Name: sales_quantity, Length: 300, dtype: int64>"
280,1203,butter-0.25,dairy,2021-11-11,10.9,21,pcs,"<bound method Series.where of 0      36
1      23
2      34
3      23
4      34
       ..
295    31
296    29
297    37
298    34
299    36
Name: sales_quantity, Length: 300, dtype: int64>"
281,1203,butter-0.25,dairy,2021-11-12,10.9,23,pcs,"<bound method Series.where of 0      36
1      23
2      34
3      23
4      34
       ..
295    31
296    29
297    37
298    34
299    36
Name: sales_quantity, Length: 300, dtype: int64>"
282,1203,butter-0.25,dairy,2021-11-13,10.9,20,pcs,"<bound method Series.where of 0      36
1      23
2      34
3      23
4      34
       ..
295    31
296    29
297    37
298    34
299    36
Name: sales_quantity, Length: 300, dtype: int64>"
283,1203,butter-0.25,dairy,2021-11-14,10.9,27,pcs,"<bound method Series.where of 0      36
1      23
2      34
3      23
4      34
       ..
295    31
296    29
297    37
298    34
299    36
Name: sales_quantity, Length: 300, dtype: int64>"
284,1203,butter-0.25,dairy,2021-11-15,10.9,33,pcs,"<bound method Series.where of 0      36
1      23
2      34
3      23
4      34
       ..
295    31
296    29
297    37
298    34
299    36
Name: sales_quantity, Length: 300, dtype: int64>"
285,1203,butter-0.25,dairy,2021-11-16,4.4,32,pcs,"<bound method Series.where of 0      36
1      23
2      34
3      23
4      34
       ..
295    31
296    29
297    37
298    34
299    36
Name: sales_quantity, Length: 300, dtype: int64>"
286,1203,butter-0.25,dairy,2021-11-17,10.9,22,pcs,"<bound method Series.where of 0      36
1      23
2      34
3      23
4      34
       ..
295    31
296    29
297    37
298    34
299    36
Name: sales_quantity, Length: 300, dtype: int64>"
287,1203,butter-0.25,dairy,2021-11-18,10.9,29,pcs,"<bound method Series.where of 0      36
1      23
2      34
3      23
4      34
       ..
295    31
296    29
297    37
298    34
299    36
Name: sales_quantity, Length: 300, dtype: int64>"
288,1203,butter-0.25,dairy,2021-11-19,10.9,36,pcs,"<bound method Series.where of 0      36
1      23
2      34
3      23
4      34
       ..
295    31
296    29
297    37
298    34
299    36
Name: sales_quantity, Length: 300, dtype: int64>"
289,1203,butter-0.25,dairy,2021-11-20,10.9,21,pcs,"<bound method Series.where of 0      36
1      23
2      34
3      23
4      34
       ..
295    31
296    29
297    37
298    34
299    36
Name: sales_quantity, Length: 300, dtype: int64>"
290,1203,butter-0.25,dairy,2021-11-21,10.9,25,pcs,"<bound method Series.where of 0      36
1      23
2      34
3      23
4      34
       ..
295    31
296    29
297    37
298    34
299    36
Name: sales_quantity, Length: 300, dtype: int64>"
291,1203,butter-0.25,dairy,2021-11-22,10.9,25,pcs,"<bound method Series.where of 0      36
1      23
2      34
3      23
4      34
       ..
295    31
296    29
297    37
298    34
299    36
Name: sales_quantity, Length: 300, dtype: int64>"
292,1203,butter-0.25,dairy,2021-11-23,11.9,20,pcs,"<bound method Series.where of 0      36
1      23
2      34
3      23
4      34
       ..
295    31
296    29
297    37
298    34
299    36
Name: sales_quantity, Length: 300, dtype: int64>"
293,1203,butter-0.25,dairy,2021-11-24,11.9,26,pcs,"<bound method Series.where of 0      36
1      23
2      34
3      23
4      34
       ..
295    31
296    29
297    37
298    34
299    36
Name: sales_quantity, Length: 300, dtype: int64>"
294,1203,butter-0.25,dairy,2021-11-25,11.9,31,pcs,"<bound method Series.where of 0      36
1      23
2      34
3      23
4      34
       ..
295    31
296    29
297    37
298    34
299    36
Name: sales_quantity, Length: 300, dtype: int64>"
295,1203,butter-0.25,dairy,2021-11-26,11.9,31,pcs,"<bound method Series.where of 0      36
1      23
2      34
3      23
4      34
       ..
295    31
296    29
297    37
298    34
299    36
Name: sales_quantity, Length: 300, dtype: int64>"
296,1203,butter-0.25,dairy,2021-11-27,11.9,29,pcs,"<bound method Series.where of 0      36
1      23
2      34
3      23
4      34
       ..
295    31
296    29
297    37
298    34
299    36
Name: sales_quantity, Length: 300, dtype: int64>"
297,1203,butter-0.25,dairy,2021-11-28,11.9,37,pcs,"<bound method Series.where of 0      36
1      23
2      34
3      23
4      34
       ..
295    31
296    29
297    37
298    34
299    36
Name: sales_quantity, Length: 300, dtype: int64>"
298,1203,butter-0.25,dairy,2021-11-29,11.9,34,pcs,"<bound method Series.where of 0      36
1      23
2      34
3      23
4      34
       ..
295    31
296    29
297    37
298    34
299    36
Name: sales_quantity, Length: 300, dtype: int64>"
299,1203,butter-0.25,dairy,2021-11-30,11.9,36,pcs,"<bound method Series.where of 0      36
1      23
2      34
3      23
4      34
       ..
295    31
296    29
297    37
298    34
299    36
Name: sales_quantity, Length: 300, dtype: int64>"
